sample_accession,isolate
SAMEA2204231,11658_4#2
SAMEA2204244,11657_5#3
SAMEA2204271,11658_8#26
SAMEA2204274,11658_5#13
SAMEA2204275,11658_6#9
SAMEA2204281,11658_6#11
SAMEA2204284,11658_8#27
SAMEA2204286,11658_7#6
SAMEA2204287,11791_7#9
SAMEA2204288,11791_7#10
SAMEA2204293,11658_4#6
SAMEA2204291,11791_7#11
SAMEA2204295,11657_6#2
SAMEA2204297,11658_6#15
SAMEA2204296,11658_6#14
SAMEA2204302,11658_6#16
SAMEA2204304,11658_8#30
SAMEA2204307,11791_7#14
SAMEA2204303,11658_7#9
SAMEA2204317,11658_6#19
SAMEA2204325,11657_6#3
SAMEA2204345,11791_7#16
SAMEA2204364,11658_5#32
SAMEA2204377,11658_7#19
SAMEA2204378,11658_6#27
SAMEA2204381,11658_4#17
SAMEA2204385,11657_5#8
SAMEA2204395,11657_5#9
SAMEA2204390,11679_6#1
SAMEA2204399,11791_6#7
SAMEA2204403,11658_6#31
SAMEA2204405,11658_5#41
SAMEA2204413,11657_7#1
SAMEA2204416,11658_5#42
SAMEA2204415,11658_7#26
SAMEA2204414,11658_6#34
SAMEA2204417,11658_8#43
SAMEA2204418,11657_5#10
SAMEA2204421,11679_7#1
SAMEA2204434,11679_5#2
SAMEA2204432,11679_6#2
SAMEA2204433,11679_6#3
SAMEA2204436,11658_3#4
SAMEA2204440,11679_6#4
SAMEA2204446,11657_7#6
SAMEA2204450,11657_7#7
SAMEA2204454,11657_6#14
SAMEA2204467,11658_3#6
SAMEA2204478,11679_7#6
SAMEA2204477,11679_5#4
SAMEA2204475,11658_3#8
SAMEA2204482,11658_3#9
SAMEA2204487,11679_4#8
SAMEA2204488,11657_6#18
SAMEA2204489,11679_5#5
SAMEA2204496,11658_3#11
SAMEA2204490,11679_4#9
SAMEA2204494,11679_6#8
SAMEA2204501,11679_6#10
SAMEA2204502,11679_7#9
SAMEA2204499,11679_7#8
SAMEA2204514,11658_6#36
SAMEA2204525,11658_6#39
SAMEA2204521,11679_6#12
SAMEA2204536,11658_8#47
SAMEA2204541,11658_8#50
SAMEA2204551,11791_7#27
SAMEA2204549,11791_7#26
SAMEA2204546,11791_7#25
SAMEA2204563,11658_7#30
SAMEA2204566,11658_6#48
SAMEA2204571,11658_4#22
SAMEA2204564,11658_5#50
SAMEA2204590,11658_7#32
SAMEA2204589,11679_8#8
SAMEA2204593,11658_5#57
SAMEA2204607,11657_5#23
SAMEA2204603,11679_6#14
SAMEA2204606,11657_5#22
SAMEA2204620,11679_7#11
SAMEA2204629,11679_5#12
SAMEA2204628,11679_5#11
SAMEA2204634,11679_7#13
SAMEA2204646,11658_7#39
SAMEA2204652,11679_6#19
SAMEA2204654,11657_6#26
SAMEA2204665,11657_7#27
SAMEA2204668,11679_4#17
SAMEA2204670,11679_4#18
SAMEA2204679,11679_7#18
SAMEA2204677,11657_7#28
SAMEA2204684,11791_3#6
SAMEA2204694,11657_5#28
SAMEA2204698,11658_8#57
SAMEA2204699,11658_7#41
SAMEA2204703,11658_7#43
SAMEA2204704,11657_7#31
SAMEA2204705,11791_7#37
SAMEA2204712,11657_7#32
SAMEA2204720,11679_8#15
SAMEA2204726,11658_4#33
SAMEA2204724,11658_8#58
SAMEA2204725,11658_6#60
SAMEA2204727,11791_7#42
SAMEA2204729,11791_3#7
SAMEA2204772,11679_8#19
SAMEA2204776,11679_6#23
SAMEA2204778,11658_7#50
SAMEA2204813,11679_5#23
SAMEA2204846,11791_6#18
SAMEA2204845,11791_3#26
SAMEA2204848,11679_6#31
SAMEA2204849,11791_3#27
SAMEA2204865,11791_3#31
SAMEA2204893,11679_8#39
SAMEA2204897,11658_4#44
SAMEA2204899,11791_7#46
SAMEA2204915,11658_5#68
SAMEA2204916,11658_8#62
SAMEA2204929,11791_3#36
SAMEA2204932,11658_5#72
SAMEA2204937,11679_8#43
SAMEA2204940,11658_6#67
SAMEA2204949,11657_6#43
SAMEA2204948,11791_7#53
SAMEA2204943,11658_5#74
SAMEA2204954,11658_7#59
SAMEA2204973,11658_5#79
SAMEA2204981,11658_8#72
SAMEA2204980,11658_8#71
SAMEA2204987,11658_8#76
SAMEA2204989,11658_6#74
SAMEA2204993,11658_8#77
SAMEA2204998,11658_6#78
SAMEA2204997,11658_8#79
SAMEA2205002,11657_7#43
SAMEA2205000,11791_7#57
SAMEA2205003,11658_8#80
SAMEA2205008,11657_5#46
SAMEA2205004,11658_8#81
SAMEA2205030,11658_4#50
SAMEA2205033,11658_4#51
SAMEA2205031,11658_6#83
SAMEA2205036,11658_6#84
SAMEA2205066,11679_5#31
SAMEA2205071,11679_6#40
SAMEA2205073,11791_3#39
SAMEA2205076,11658_3#35
SAMEA2205083,11679_7#29
SAMEA2205110,11658_5#89
SAMEA2205108,11679_8#50
SAMEA2205114,11658_3#38
SAMEA2205120,11791_3#45
SAMEA2205119,11679_6#47
SAMEA2205212,11679_8#62
SAMEA2205217,11791_3#55
SAMEA2205220,11657_6#56
SAMEA2205240,11679_5#45
SAMEA2205234,11791_3#58
SAMEA2205254,11679_5#47
SAMEA2205267,11657_5#65
SAMEA2205269,11657_5#67
SAMEA2205279,11658_3#51
SAMEA2205304,11679_7#50
SAMEA2205308,11679_7#51
SAMEA2205312,11679_5#55
SAMEA2205314,11658_4#68
SAMEA2205313,11658_7#71
SAMEA2205316,11679_4#58
SAMEA2205309,11679_5#53
SAMEA2205325,11679_4#60
SAMEA2205326,11679_4#61
SAMEA2205334,11657_7#66
SAMEA2205339,11657_7#68
SAMEA2205340,11658_3#58
SAMEA2205342,11679_5#57
SAMEA2205350,11658_4#69
SAMEA2205351,11679_7#55
SAMEA2205357,11679_6#67
SAMEA2205361,11679_7#57
SAMEA2205378,11658_3#62
SAMEA2205398,11657_7#76
SAMEA2205400,11657_7#77
SAMEA2205404,11679_7#61
SAMEA2205438,11679_7#65
SAMEA2205449,11657_5#77
SAMEA2205456,11679_4#72
SAMEA2205458,11657_7#82
SAMEA2205460,11679_7#69
SAMEA2205462,11658_7#77
SAMEA2205461,11658_5#94
SAMEA2205467,11658_4#82
SAMEA2205471,11679_6#73
SAMEA2205473,11658_4#84
SAMEA2205477,11658_4#85
SAMEA2205479,11679_8#74
SAMEA2205480,11791_6#33
SAMEA2205476,11657_6#75
SAMEA2205497,11679_4#74
SAMEA2205499,11658_3#74
SAMEA2205500,11657_5#81
SAMEA2205514,11657_6#78
SAMEA2205526,11679_4#77
SAMEA2205529,11679_5#74
SAMEA2205531,11658_3#75
SAMEA2205545,11679_6#77
SAMEA2205539,11679_6#76
SAMEA2205540,11679_8#77
SAMEA2205555,11658_3#79
SAMEA2205567,11679_4#80
SAMEA2205571,11658_7#86
SAMEA2205568,11791_7#68
SAMEA2205579,11658_4#90
SAMEA2205580,11679_7#78
SAMEA2205582,11679_6#79
SAMEA2205575,11679_8#79
SAMEA2205591,11658_3#84
SAMEA2205590,11658_4#91
SAMEA2205588,11679_6#80
SAMEA2205602,11658_7#92
SAMEA2205606,11658_7#94
SAMEA2205616,11658_4#93
SAMEA2205627,11791_3#69
SAMEA2205636,11658_3#87
SAMEA2205637,11791_3#74
SAMEA2205652,11679_4#87
SAMEA2205656,11657_6#91
SAMEA2205659,11679_6#87
SAMEA2205675,11791_3#85
SAMEA2205678,11791_3#86
SAMEA2205687,11679_5#86
SAMEA2205696,11657_6#92
SAMEA2205710,11658_4#96
SAMEA2205727,11791_3#93
SAMEA2205720,11679_8#90
SAMEA2205722,11679_8#91
SAMEA2205725,11679_4#94
SAMEA2205737,11679_5#95
SAMEA2205735,11679_7#93
SAMEA2205742,11657_6#96
SAMEA2205745,11679_8#95
SAMEA2205739,11657_7#92
SAMEA2205740,11679_7#94
SAMEA2205746,11679_6#95
SAMEA2205754,11679_7#96
SAMEA2205751,11657_7#93
SAMEA2205755,11657_7#94
SAMEA2205756,11658_3#96
SAMEA2271749,12045_3#57
SAMEA3531626,18090_6#82
SAMEA3531633,18090_6#88
SAMEA3531630,18090_6#85
SAMEA3531640,18090_7#60
SAMEA3531643,18090_7#62
SAMEA3531646,18090_6#34
SAMEA3531645,18090_7#63
SAMEA3531647,18090_7#64
SAMEA3531651,18090_7#66
SAMEA3531661,18090_6#36
SAMEA3531689,18090_7#85
SAMEA3531690,18090_7#16
SAMEA3531698,18090_7#89
SAMEA3531713,18090_6#43
SAMEA3531714,18090_8#3
SAMEA3531712,18090_8#2
SAMEA3531725,18090_7#30
SAMEA3531731,18090_7#33
SAMEA3531735,18090_7#35
SAMEA3531737,18090_7#36
SAMEA3531752,18090_7#47
SAMEA3531758,18090_7#50
SAMEA3531776,18090_8#17
SAMEA3531853,18090_8#29
SAMEA2204238,11657_5#2
SAMEA2204240,11658_6#3
SAMEA2204242,11791_7#1
SAMEA2204243,11791_7#2
SAMEA2204239,11658_6#2
SAMEA2204241,11658_5#5
SAMEA2204245,11658_6#4
SAMEA2204253,11658_5#8
SAMEA2204254,11658_4#4
SAMEA2204256,11791_7#4
SAMEA2204258,11658_5#9
SAMEA2204259,11791_7#6
SAMEA2204260,11657_5#4
SAMEA2204263,11658_7#2
SAMEA2204267,11658_8#25
SAMEA2204269,11658_7#5
SAMEA2204272,11658_5#12
SAMEA2204270,11658_6#7
SAMEA2204277,11657_5#5
SAMEA2204276,11658_5#14
SAMEA2204279,11791_7#7
SAMEA2204280,11658_6#10
SAMEA2204282,11679_4#1
SAMEA2204285,11791_6#2
SAMEA2204290,11658_5#15
SAMEA2204289,11658_7#7
SAMEA2204306,11791_7#13
SAMEA2204300,11658_7#8
SAMEA2204314,11658_6#18
SAMEA2204323,11658_7#13
SAMEA2204326,11679_5#1
SAMEA2204319,11658_6#20
SAMEA2204328,11658_5#21
SAMEA2204334,11657_6#4
SAMEA2204339,11658_5#26
SAMEA2204337,11658_6#21
SAMEA2204338,11658_7#14
SAMEA2204344,11658_5#28
SAMEA2204352,11658_4#14
SAMEA2204351,11658_6#23
SAMEA2204360,11657_6#5
SAMEA2204361,11658_4#15
SAMEA2204365,11658_6#24
SAMEA2204368,11657_5#7
SAMEA2204370,11791_6#6
SAMEA2204372,11658_8#36
SAMEA2204380,11658_6#28
SAMEA2204379,11658_8#37
SAMEA2204382,11658_5#36
SAMEA2204386,11658_8#39
SAMEA2204389,11658_5#38
SAMEA2204384,11658_8#38
SAMEA2204392,11658_7#20
SAMEA2204396,11658_4#19
SAMEA2204393,11658_6#30
SAMEA2204404,11658_5#40
SAMEA2204409,11658_8#42
SAMEA2204410,11658_6#33
SAMEA2204412,11658_7#25
SAMEA2204411,11658_7#24
SAMEA2204422,11658_3#2
SAMEA2204424,11657_5#11
SAMEA2204419,11679_4#2
SAMEA2204425,11657_6#8
SAMEA2204420,11657_6#7
SAMEA2204427,11657_5#12
SAMEA2204439,11657_6#11
SAMEA2204443,11657_7#5
SAMEA2204452,11679_4#5
SAMEA2204451,11657_7#8
SAMEA2204444,11679_6#5
SAMEA2204461,11657_6#16
SAMEA2204455,11657_7#9
SAMEA2204453,11679_5#3
SAMEA2204458,11657_6#15
SAMEA2204462,11679_4#6
SAMEA2204473,11657_5#15
SAMEA2204472,11679_8#3
SAMEA2204474,11679_7#5
SAMEA2204480,11657_6#17
SAMEA2204497,11658_3#12
SAMEA2204504,11657_7#18
SAMEA2204506,11657_5#18
SAMEA2204507,11657_6#20
SAMEA2204505,11657_5#17
SAMEA2204508,11657_7#19
SAMEA2204512,11657_6#21
SAMEA2204517,11658_6#37
SAMEA2204522,11658_5#43
SAMEA2204524,11658_5#44
SAMEA2204526,11658_8#44
SAMEA2204528,11679_8#7
SAMEA2204534,11658_8#46
SAMEA2204527,11658_7#28
SAMEA2204529,11658_8#45
SAMEA2204531,11658_5#45
SAMEA2204535,11658_7#29
SAMEA2204542,11658_6#42
SAMEA2204538,11658_8#49
SAMEA2204544,11791_7#24
SAMEA2204548,11679_6#13
SAMEA2204554,11791_7#29
SAMEA2204558,11791_7#32
SAMEA2204561,11658_8#53
SAMEA2204562,11791_7#33
SAMEA2204565,11658_5#51
SAMEA2204569,11657_5#21
SAMEA2204570,11791_3#1
SAMEA2204568,11791_7#34
SAMEA2204579,11658_4#23
SAMEA2204578,11658_6#50
SAMEA2204573,11658_6#49
SAMEA2204574,11658_7#31
SAMEA2204581,11791_3#2
SAMEA2204582,11658_5#53
SAMEA2204588,11658_5#56
SAMEA2204586,11658_5#55
SAMEA2204584,11658_6#52
SAMEA2204585,11658_5#54
SAMEA2204595,11658_7#34
SAMEA2204597,11658_6#55
SAMEA2204596,11658_7#35
SAMEA2204600,11679_5#7
SAMEA2204594,11791_7#36
SAMEA2204608,11679_4#14
SAMEA2204601,11679_4#13
SAMEA2204602,11679_8#9
SAMEA2204614,11658_4#25
SAMEA2204617,11657_6#22
SAMEA2204613,11679_5#9
SAMEA2204618,11657_7#22
SAMEA2204624,11657_6#23
SAMEA2204621,11679_5#10
SAMEA2204627,11679_4#16
SAMEA2204630,11657_5#24
SAMEA2204631,11679_8#11
SAMEA2204636,11791_3#5
SAMEA2204632,11791_3#4
SAMEA2204635,11679_5#13
SAMEA2204647,11679_6#18
SAMEA2204649,11658_3#19
SAMEA2204656,11658_3#21
SAMEA2204660,11679_8#13
SAMEA2204662,11679_7#16
SAMEA2204661,11658_4#26
SAMEA2204664,11657_6#28
SAMEA2204675,11658_3#22
SAMEA2204680,11658_4#27
SAMEA2204683,11658_3#24
SAMEA2204691,11658_8#56
SAMEA2204696,11791_6#11
SAMEA2204697,11679_7#20
SAMEA2204707,11791_7#38
SAMEA2204713,11791_7#39
SAMEA2204717,11658_4#31
SAMEA2204714,11658_5#61
SAMEA2204718,11658_7#44
SAMEA2204721,11658_7#45
SAMEA2204723,11791_7#41
SAMEA2204728,11658_4#34
SAMEA2204735,11658_7#48
SAMEA2204742,11658_4#36
SAMEA2204743,11791_6#12
SAMEA2204741,11657_6#31
SAMEA2204744,11791_3#8
SAMEA2204745,11657_5#34
SAMEA2204746,11658_5#62
SAMEA2204752,11679_4#22
SAMEA2204755,11791_3#9
SAMEA2204756,11658_7#49
SAMEA2204757,11657_6#32
SAMEA2204758,11679_8#18
SAMEA2204762,11657_7#33
SAMEA2204760,11679_4#23
SAMEA2204764,11658_4#38
SAMEA2204763,11791_3#10
SAMEA2204765,11657_5#36
SAMEA2204769,11791_6#16
SAMEA2204774,11657_5#38
SAMEA2204781,11791_7#44
SAMEA2204788,11679_4#25
SAMEA2204792,11679_6#25
SAMEA2204787,11657_6#34
SAMEA2204791,11679_6#24
SAMEA2204797,11791_3#13
SAMEA2204798,11679_6#26
SAMEA2204796,11658_3#26
SAMEA2204795,11791_3#12
SAMEA2204800,11658_3#27
SAMEA2204801,11679_8#22
SAMEA2204803,11791_3#14
SAMEA2204802,11679_5#20
SAMEA2204804,11679_7#22
SAMEA2204808,11791_6#17
SAMEA2204811,11679_8#23
SAMEA2204812,11679_5#22
SAMEA2204815,11679_8#24
SAMEA2204818,11679_7#24
SAMEA2204819,11657_6#36
SAMEA2204823,11679_8#27
SAMEA2204828,11679_8#29
SAMEA2204824,11679_6#27
SAMEA2204833,11791_3#21
SAMEA2204834,11791_3#22
SAMEA2204836,11657_7#35
SAMEA2204841,11679_8#31
SAMEA2204840,11679_7#26
SAMEA2204839,11679_5#24
SAMEA2204843,11791_3#25
SAMEA2204850,11657_6#37
SAMEA2204857,11679_6#33
SAMEA2204858,11791_3#29
SAMEA2204867,11679_7#27
SAMEA2204864,11657_6#39
SAMEA2204866,11657_5#39
SAMEA2204874,11657_6#40
SAMEA2204876,11657_5#42
SAMEA2204883,11658_5#66
SAMEA2204891,11679_8#38
SAMEA2204894,11658_8#61
SAMEA2204895,11679_5#28
SAMEA2204890,11791_7#45
SAMEA2204889,11657_5#43
SAMEA2204900,11679_8#40
SAMEA2204901,11679_8#41
SAMEA2204908,11658_6#65
SAMEA2204907,11791_3#34
SAMEA2204909,11679_6#36
SAMEA2204913,11657_5#44
SAMEA2204917,11658_5#69
SAMEA2204921,11657_7#40
SAMEA2204924,11658_7#56
SAMEA2204927,11791_7#51
SAMEA2204930,11658_8#64
SAMEA2204933,11658_8#65
SAMEA2204934,11658_7#57
SAMEA2204935,11658_7#58
SAMEA2204936,11657_6#42
SAMEA2204942,11658_6#68
SAMEA2204938,11791_3#37
SAMEA2204946,11658_6#69
SAMEA2204950,11791_7#54
SAMEA2204944,11658_5#75
SAMEA2204951,11658_6#70
SAMEA2204953,11679_5#30
SAMEA2204969,11658_8#69
SAMEA2204964,11679_8#44
SAMEA2204972,11658_5#78
SAMEA2204975,11679_4#29
SAMEA2204978,11658_7#63
SAMEA2204979,11658_5#81
SAMEA2204986,11658_6#73
SAMEA2204988,11791_7#56
SAMEA2204994,11658_8#78
SAMEA2204991,11658_6#75
SAMEA2204992,11658_6#76
SAMEA2205005,11658_8#82
SAMEA2205012,11791_6#21
SAMEA2205009,11658_8#83
SAMEA2205014,11657_6#44
SAMEA2205026,11791_7#58
SAMEA2205022,11658_6#80
SAMEA2205028,11658_5#84
SAMEA2205024,11658_7#64
SAMEA2205027,11658_6#82
SAMEA2205037,11658_8#88
SAMEA2205029,11791_7#59
SAMEA2205041,11791_7#60
SAMEA2205042,11791_6#22
SAMEA2205040,11658_8#90
SAMEA2205038,11658_8#89
SAMEA2205046,11657_6#45
SAMEA2205052,11658_4#55
SAMEA2205050,11658_6#87
SAMEA2205061,11658_4#56
SAMEA2205060,11658_8#92
SAMEA2205065,11679_8#45
SAMEA2205070,11679_8#46
SAMEA2205068,11679_4#32
SAMEA2205072,11679_5#32
SAMEA2205069,11658_4#58
SAMEA2205077,11658_3#36
SAMEA2205078,11791_6#23
SAMEA2205080,11657_5#49
SAMEA2205081,11679_4#33
SAMEA2205085,11791_3#41
SAMEA2205082,11679_6#41
SAMEA2205086,11679_6#42
SAMEA2205089,11679_8#49
SAMEA2205096,11791_3#42
SAMEA2205095,11657_6#46
SAMEA2205092,11679_7#31
SAMEA2205098,11657_6#47
SAMEA2205100,11657_5#50
SAMEA2205104,11679_6#44
SAMEA2205107,11679_4#37
SAMEA2205112,11657_7#47
SAMEA2205118,11658_5#90
SAMEA2205124,11679_4#38
SAMEA2205130,11679_7#36
SAMEA2205127,11658_4#60
SAMEA2205135,11679_4#39
SAMEA2205141,11658_7#65
SAMEA2205140,11658_6#90
SAMEA2205142,11657_6#48
SAMEA2205150,11658_3#40
SAMEA2205156,11791_3#49
SAMEA2205155,11658_7#69
SAMEA2205164,11657_5#55
SAMEA2205168,11657_6#51
SAMEA2205169,11679_5#38
SAMEA2205167,11658_4#62
SAMEA2205174,11657_5#57
SAMEA2205172,11657_6#52
SAMEA2205178,11657_7#52
SAMEA2205184,11791_3#51
SAMEA2205187,11679_6#50
SAMEA2205188,11658_4#63
SAMEA2205192,11679_5#40
SAMEA2205194,11679_5#41
SAMEA2205190,11679_4#49
SAMEA2205189,11657_6#53
SAMEA2205195,11657_6#54
SAMEA2205202,11791_3#54
SAMEA2205204,11679_5#43
SAMEA2205209,11679_5#44
SAMEA2205215,11679_8#63
SAMEA2205207,11657_7#56
SAMEA2205210,11679_8#60
SAMEA2205213,11657_5#58
SAMEA2205222,11679_6#52
SAMEA2205219,11679_7#41
SAMEA2205223,11679_8#64
SAMEA2205228,11657_5#61
SAMEA2205225,11791_3#57
SAMEA2205227,11658_3#44
SAMEA2205233,11658_3#45
SAMEA2205242,11791_3#59
SAMEA2205236,11679_7#44
SAMEA2205246,11657_6#58
SAMEA2205247,11679_6#54
SAMEA2205248,11679_7#45
SAMEA2205252,11657_6#59
SAMEA2205255,11658_3#46
SAMEA2205260,11791_3#60
SAMEA2205253,11679_8#66
SAMEA2205261,11679_4#56
SAMEA2205270,11657_6#60
SAMEA2205272,11658_3#48
SAMEA2205281,11679_5#49
SAMEA2205286,11657_5#70
SAMEA2205285,11657_5#69
SAMEA2205287,11658_4#65
SAMEA2205280,11657_6#61
SAMEA2205282,11658_3#52
SAMEA2205291,11658_4#66
SAMEA2205293,11679_7#48
SAMEA2205296,11657_6#64
SAMEA2205298,11657_7#63
SAMEA2205300,11657_7#64
SAMEA2205302,11658_3#53
SAMEA2205307,11679_5#52
SAMEA2205310,11679_5#54
SAMEA2205311,11657_6#65
SAMEA2205317,11679_8#68
SAMEA2205319,11791_3#63
SAMEA2205327,11679_4#62
SAMEA2205329,11791_6#26
SAMEA2205328,11657_6#66
SAMEA2205333,11679_6#63
SAMEA2205344,11657_6#68
SAMEA2205345,11658_5#91
SAMEA2205346,11657_7#69
SAMEA2205347,11658_3#59
SAMEA2205348,11679_6#64
SAMEA2205353,11679_6#65
SAMEA2205356,11658_3#60
SAMEA2205355,11679_5#58
SAMEA2205358,11679_7#56
SAMEA2205359,11658_4#70
SAMEA2205362,11679_6#68
SAMEA2205363,11658_4#71
SAMEA2205370,11658_4#72
SAMEA2205373,11679_7#58
SAMEA2205375,11658_4#73
SAMEA2205376,11679_4#66
SAMEA2205377,11657_5#73
SAMEA2205387,11679_6#69
SAMEA2205386,11657_7#73
SAMEA2205392,11657_5#74
SAMEA2205397,11657_7#75
SAMEA2205394,11679_5#63
SAMEA2205405,11657_5#75
SAMEA2205403,11679_8#71
SAMEA2205407,11658_6#92
SAMEA2205411,11679_7#62
SAMEA2205410,11679_8#72
SAMEA2205417,11658_5#93
SAMEA2205416,11791_3#64
SAMEA2205420,11679_5#64
SAMEA2205419,11679_7#63
SAMEA2205423,11791_6#28
SAMEA2205431,11679_4#70
SAMEA2205433,11679_4#71
SAMEA2205435,11791_3#65
SAMEA2205429,11791_6#29
SAMEA2205427,11658_7#74
SAMEA2205434,11658_3#66
SAMEA2205439,11679_7#66
SAMEA2205440,11657_6#71
SAMEA2205452,11657_6#72
SAMEA2205454,11679_7#68
SAMEA2205463,11657_6#73
SAMEA2205470,11658_4#83
SAMEA2205472,11658_3#71
SAMEA2205475,11679_5#68
SAMEA2205478,11657_5#78
SAMEA2205482,11657_5#79
SAMEA2205488,11679_7#70
SAMEA2205485,11658_5#95
SAMEA2205495,11679_5#70
SAMEA2205491,11657_6#77
SAMEA2205492,11657_7#84
SAMEA2205494,11657_5#80
SAMEA2205508,11658_4#88
SAMEA2205503,11679_5#71
SAMEA2205501,11791_7#65
SAMEA2205506,11791_6#34
SAMEA2205504,11679_5#72
SAMEA2205517,11791_7#66
SAMEA2205519,11791_6#35
SAMEA2205513,11658_7#82
SAMEA2205520,11679_4#76
SAMEA2205521,11658_4#89
SAMEA2205525,11657_5#84
SAMEA2205522,11657_5#83
SAMEA2205537,11679_7#72
SAMEA2205535,11679_8#76
SAMEA2205541,11657_7#87
SAMEA2205543,11679_7#74
SAMEA2205544,11657_5#85
SAMEA2205546,11657_6#81
SAMEA2205547,11679_7#75
SAMEA2205552,11658_3#78
SAMEA2205553,11657_5#86
SAMEA2205554,11657_6#83
SAMEA2205560,11657_5#88
SAMEA2205563,11657_5#90
SAMEA2205562,11657_5#89
SAMEA2205557,11657_5#87
SAMEA2205559,11679_5#76
SAMEA2205564,11679_4#79
SAMEA2205566,11657_7#88
SAMEA2205570,11657_5#91
SAMEA2205576,11679_5#77
SAMEA2205577,11658_3#82
SAMEA2205586,11658_3#83
SAMEA2205584,11791_3#66
SAMEA2205583,11658_7#88
SAMEA2205595,11791_6#37
SAMEA2205603,11679_4#82
SAMEA2205608,11679_5#78
SAMEA2205610,11679_4#83
SAMEA2205611,11658_7#95
SAMEA2205624,11679_4#85
SAMEA2205625,11791_3#68
SAMEA2205629,11791_3#70
SAMEA2205630,11791_3#71
SAMEA2205632,11679_5#81
SAMEA2205638,11679_5#82
SAMEA2205643,11657_6#90
SAMEA2205645,11791_3#76
SAMEA2205646,11679_6#85
SAMEA2205653,11791_3#78
SAMEA2205650,11679_6#86
SAMEA2205654,11679_8#84
SAMEA2205647,11679_4#86
SAMEA2205649,11679_8#83
SAMEA2205663,11791_3#80
SAMEA2205666,11679_7#83
SAMEA2205673,11791_3#84
SAMEA2205683,11679_7#86
SAMEA2205682,11679_5#85
SAMEA2205677,11679_6#89
SAMEA2205679,11679_7#85
SAMEA2205690,11679_7#88
SAMEA2205685,11679_4#89
SAMEA2205697,11658_3#89
SAMEA2205694,11679_8#89
SAMEA2205700,11679_4#93
SAMEA2205698,11679_5#88
SAMEA2205708,11679_7#89
SAMEA2205706,11791_3#89
SAMEA2205705,11791_3#88
SAMEA2205716,11679_5#90
SAMEA2205717,11658_3#92
SAMEA2205719,11679_6#93
SAMEA2205711,11791_3#91
SAMEA2205713,11657_7#91
SAMEA2205715,11679_5#89
SAMEA2205724,11679_7#91
SAMEA2205723,11679_5#92
SAMEA2205726,11657_6#95
SAMEA2205731,11657_5#96
SAMEA2205732,11679_7#92
SAMEA2205734,11679_4#95
SAMEA2205733,11791_3#94
SAMEA2205743,11658_3#93
SAMEA2205738,11679_8#93
SAMEA2205741,11679_8#94
SAMEA2205747,11658_3#95
SAMEA2205749,11679_7#95
SAMEA2205753,11791_3#96
SAMEA2205752,11679_5#96
SAMEA2205748,11791_3#95
SAMEA2205757,11679_6#96
SAMEA2204232,11658_5#1
SAMEA2204236,11658_4#3
SAMEA2204237,11658_5#4
SAMEA2204246,11791_6#1
SAMEA2204247,11658_6#5
SAMEA2204252,11658_5#7
SAMEA2204261,11657_6#1
SAMEA2204264,11658_5#11
SAMEA2204268,11658_6#6
SAMEA2204278,11658_3#1
SAMEA2204305,11658_8#31
SAMEA2204301,11658_5#16
SAMEA2204311,11658_5#17
SAMEA2204312,11658_5#18
SAMEA2204309,11658_6#17
SAMEA2204322,11658_8#32
SAMEA2204318,11791_6#3
SAMEA2204335,11658_5#25
SAMEA2204341,11791_6#4
SAMEA2204336,11658_4#10
SAMEA2204362,11657_5#6
SAMEA2204357,11791_7#17
SAMEA2271751,12045_3#59
SAMEA2204367,11658_5#33
SAMEA2271755,12045_3#63
SAMEA2204369,11658_4#16
SAMEA2271750,12045_3#58
SAMEA2204366,11658_7#18
SAMEA2271754,12045_3#62
SAMEA2204373,11658_5#34
SAMEA2204374,11658_5#35
SAMEA2204376,11658_6#26
SAMEA2204387,11658_6#29
SAMEA2204397,11658_7#21
SAMEA2204401,11791_7#21
SAMEA2204407,11791_7#22
SAMEA2204429,11657_6#9
SAMEA2204426,11791_6#9
SAMEA2204431,11657_6#10
SAMEA2204428,11679_4#3
SAMEA2204442,11657_7#4
SAMEA2204435,11657_7#2
SAMEA2204441,11679_8#1
SAMEA2204437,11657_7#3
SAMEA2204449,11679_7#2
SAMEA2204447,11679_4#4
SAMEA2204448,11657_6#13
SAMEA2204466,11679_4#7
SAMEA2204468,11679_7#4
SAMEA2204464,11657_7#13
SAMEA2204470,11657_7#15
SAMEA2204465,11679_8#2
SAMEA2204469,11657_7#14
SAMEA2204471,11658_3#7
SAMEA2204476,11657_7#16
SAMEA2204481,11679_8#4
SAMEA2204485,11658_3#10
SAMEA2204484,11657_5#16
SAMEA2204486,11679_8#5
SAMEA2204491,11657_7#17
SAMEA2204498,11679_8#6
SAMEA2204492,11679_6#7
SAMEA2204493,11657_6#19
SAMEA2204495,11679_6#9
SAMEA2204503,11679_6#11
SAMEA2204500,11679_4#10
SAMEA2204509,11791_6#10
SAMEA2204511,11657_5#19
SAMEA2204513,11658_6#35
SAMEA2204510,11679_4#11
SAMEA2204515,11658_3#13
SAMEA2204519,11679_4#12
SAMEA2204518,11658_7#27
SAMEA2204520,11657_5#20
SAMEA2204530,11791_7#23
SAMEA2204552,11658_6#45
SAMEA2204557,11658_5#49
SAMEA2204576,11791_7#35
SAMEA2204598,11658_6#56
SAMEA2204592,11658_7#33
SAMEA2204612,11658_4#24
SAMEA2204625,11657_6#24
SAMEA2204648,11679_5#14
SAMEA2204651,11657_7#26
SAMEA2204650,11657_7#25
SAMEA2204653,11679_7#14
SAMEA2204657,11679_8#12
SAMEA2204663,11679_8#14
SAMEA2204666,11657_6#29
SAMEA2204681,11658_3#23
SAMEA2204682,11679_4#21
SAMEA2204685,11679_7#19
SAMEA2204686,11679_5#15
SAMEA2204690,11657_7#30
SAMEA2204688,11657_7#29
SAMEA2204695,11658_6#57
SAMEA2204706,11658_5#59
SAMEA2204710,11657_5#29
SAMEA2204711,11657_5#30
SAMEA2204732,11658_7#47
SAMEA2204734,11658_6#62
SAMEA2204740,11658_8#59
SAMEA2204749,11658_4#37
SAMEA2204754,11658_5#64
SAMEA2204761,11791_6#15
SAMEA2204771,11658_5#65
SAMEA2204779,11658_6#63
SAMEA2204780,11658_7#51
SAMEA2204809,11791_3#15
SAMEA2204814,11791_3#17
SAMEA2204817,11679_7#23
SAMEA2204830,11791_3#20
SAMEA2204831,11679_4#26
SAMEA2204832,11679_6#28
SAMEA2204844,11657_7#36
SAMEA2204847,11679_6#30
SAMEA2204855,11679_6#32
SAMEA2204878,11657_7#38
SAMEA2204871,11679_6#35
SAMEA2204873,11657_7#37
SAMEA2204882,11679_8#36
SAMEA2204881,11679_4#28
SAMEA2204903,11658_7#54
SAMEA2204898,11658_7#53
SAMEA2204906,11791_7#48
SAMEA2204905,11657_6#41
SAMEA2204914,11657_7#39
SAMEA2204918,11791_7#49
SAMEA2204923,11679_6#37
SAMEA2204928,11658_5#71
SAMEA2204926,11658_5#70
SAMEA2204941,11658_5#73
SAMEA2204952,11791_6#20
SAMEA2204967,11657_7#41
SAMEA2204977,11658_5#80
SAMEA2204990,11658_4#47
SAMEA2204983,11658_5#82
SAMEA2204982,11658_8#73
SAMEA2204996,11658_6#77
SAMEA2204995,11679_4#30
SAMEA2205007,11658_4#49
SAMEA2205016,11658_5#83
SAMEA2205039,11657_5#47
SAMEA2205045,11658_6#85
SAMEA2205047,11658_4#53
SAMEA2205051,11658_8#91
SAMEA2205048,11658_4#54
SAMEA2205056,11658_5#88
SAMEA2205059,11658_6#89
SAMEA2205063,11679_6#39
SAMEA2205062,11657_7#45
SAMEA2205074,11791_3#40
SAMEA2205075,11679_8#47
SAMEA2205079,11679_8#48
SAMEA2205084,11679_4#34
SAMEA2205088,11679_5#33
SAMEA2205094,11679_5#34
SAMEA2205097,11679_6#43
SAMEA2205099,11679_4#36
SAMEA2205103,11791_3#43
SAMEA2205106,11679_7#34
SAMEA2205111,11893_8#71
SAMEA2205109,11791_3#44
SAMEA2205116,11657_5#52
SAMEA2205115,11679_6#45
SAMEA2205121,11657_7#48
SAMEA2205123,11658_4#59
SAMEA2205117,11679_6#46
SAMEA2205122,11657_7#49
SAMEA2205128,11679_8#52
SAMEA2205132,11679_6#48
SAMEA2205131,11657_5#53
SAMEA2205134,11791_3#47
SAMEA2205133,11791_3#46
SAMEA2205137,11679_4#40
SAMEA2205136,11658_4#61
SAMEA2205138,11679_4#41
SAMEA2205139,11679_4#42
SAMEA2205143,11791_3#48
SAMEA2205146,11679_4#43
SAMEA2205144,11658_7#66
SAMEA2205149,11657_5#54
SAMEA2205152,11679_8#54
SAMEA2205151,11658_7#67
SAMEA2205154,11657_6#49
SAMEA2205157,11679_7#37
SAMEA2205160,11679_8#55
SAMEA2205161,11679_5#37
SAMEA2205159,11679_6#49
SAMEA2205162,11679_8#56
SAMEA2205163,11657_6#50
SAMEA2205165,11679_4#45
SAMEA2205170,11657_5#56
SAMEA2205171,11679_8#58
SAMEA2205183,11679_5#39
SAMEA2205181,11658_7#70
SAMEA2205179,11679_4#48
SAMEA2205185,11679_7#38
SAMEA2205193,11791_3#52
SAMEA2205191,11657_7#53
SAMEA2205199,11679_8#59
SAMEA2205200,11791_3#53
SAMEA2205214,11657_5#59
SAMEA2205208,11658_3#43
SAMEA2205218,11791_3#56
SAMEA2205231,11657_7#58
SAMEA2205239,11679_8#65
SAMEA2205245,11679_4#54
SAMEA2205249,11679_5#46
SAMEA2205264,11657_5#64
SAMEA2205265,11679_6#57
SAMEA2205271,11679_6#58
SAMEA2205290,11791_6#24
SAMEA2205295,11679_7#49
SAMEA2205305,11679_5#51
SAMEA2205318,11658_3#54
SAMEA2205324,11679_4#59
SAMEA2205332,11679_7#53
SAMEA2205331,11679_6#62
SAMEA2205335,11657_7#67
SAMEA2205337,11657_5#71
SAMEA2205336,11679_8#69
SAMEA2205354,11679_6#66
SAMEA2205365,11679_5#59
SAMEA2205366,11657_7#70
SAMEA2205368,11657_7#71
SAMEA2205364,11679_4#64
SAMEA2205374,11657_7#72
SAMEA2205380,11679_7#59
SAMEA2205385,11658_5#92
SAMEA2205388,11658_3#65
SAMEA2205384,11679_5#60
SAMEA2205395,11679_7#60
SAMEA2205406,11657_7#78
SAMEA2205415,11658_8#94
SAMEA2205414,11657_7#79
SAMEA2205418,11657_6#70
SAMEA2205428,11658_4#77
SAMEA2205444,11658_4#79
SAMEA2205437,11658_3#67
SAMEA2205446,11791_6#30
SAMEA2205451,11658_3#69
SAMEA2205457,11658_4#81
SAMEA2205455,11679_5#66
SAMEA2205468,11791_6#32
SAMEA2205484,11658_4#86
SAMEA2205490,11679_7#71
SAMEA2205498,11657_7#85
SAMEA2205493,11658_7#80
SAMEA2205505,11658_4#87
SAMEA2205512,11679_4#75
SAMEA2205510,11658_8#96
SAMEA2205515,11657_6#79
SAMEA2205528,11657_6#80
SAMEA2205523,11658_6#94
SAMEA2205536,11679_5#75
SAMEA2205542,11679_7#73
SAMEA2205548,11679_6#78
SAMEA2205551,11679_7#76
SAMEA2205594,11791_7#69
SAMEA2205597,11658_7#91
SAMEA2205598,11657_6#86
SAMEA2205612,11657_6#87
SAMEA2205614,11679_5#79
SAMEA2205618,11658_6#96
SAMEA2205619,11679_6#82
SAMEA2205620,11658_4#94
SAMEA2205634,11679_6#83
SAMEA2205631,11657_6#89
SAMEA2205635,11791_3#73
SAMEA2205640,11791_3#75
SAMEA2205641,11679_6#84
SAMEA2205661,11657_5#95
SAMEA2205660,11658_3#88
SAMEA2205669,11679_6#88
SAMEA2205668,11791_6#38
SAMEA2205676,11791_6#39
SAMEA2205681,11679_5#84
SAMEA2205692,11679_5#87
SAMEA2205688,11679_4#90
SAMEA2205695,11679_4#92
SAMEA2205703,11791_3#87
SAMEA2205707,11791_3#90
SAMEA2205709,11657_6#94
SAMEA2205714,11679_7#90
SAMEA2205712,11791_7#70
SAMEA2205718,11791_3#92
SAMEA2205721,11679_5#91
SAMEA2205728,11679_5#93
SAMEA2205730,11679_5#94
SAMEA2205729,11679_6#94
SAMEA2205736,11679_8#92
SAMEA2205744,11658_3#94
SAMEA2205750,11679_4#96
SAMEA2205758,11657_7#95
SAMEA2205760,11679_8#96
SAMEA2205759,11657_7#96
SAMEA2271752,12045_3#60
SAMEA2271756,12045_3#64
SAMEA2271753,12045_3#61
SAMEA2271757,12045_3#65
SAMEA2271758,12045_3#66
SAMEA2271759,12045_3#67
SAMEA3531637,18090_6#92
SAMEA3531650,18090_7#3
SAMEA3531652,18090_7#4
SAMEA3531664,18090_7#73
SAMEA3531669,18090_7#8
SAMEA3531682,18090_7#14
SAMEA3531684,18090_6#40
SAMEA3531719,18090_7#27
SAMEA3531718,18090_8#5
SAMEA3531720,18090_8#6
SAMEA3531723,18090_7#29
SAMEA3531727,18090_7#31
SAMEA3531748,18090_7#45
SAMEA3531746,18090_7#43
SAMEA3531766,18090_7#56
SAMEA3531773,18090_6#55
SAMEA3531771,18090_8#15
SAMEA3531799,18090_6#57
SAMEA3531849,18090_8#27
SAMEA3531625,18090_6#81
SAMEA3531624,18090_6#80
SAMEA3531627,18090_6#83
SAMEA3531631,18090_6#86
SAMEA3531629,18090_6#33
SAMEA3531634,18090_6#89
SAMEA3531636,18090_6#91
SAMEA3531639,18090_6#94
SAMEA3531638,18090_6#93
SAMEA3531658,18090_7#70
SAMEA3531659,18090_7#6
SAMEA3531665,18090_7#7
SAMEA3531667,18090_6#38
SAMEA3531668,18090_7#75
SAMEA3531670,18090_6#39
SAMEA3531679,18090_7#80
SAMEA3531676,18090_7#11
SAMEA3531675,18090_7#78
SAMEA3531674,18090_7#10
SAMEA3531678,18090_7#12
SAMEA3531683,18090_7#82
SAMEA3531693,18090_7#18
SAMEA3531688,18090_6#41
SAMEA3531691,18090_7#86
SAMEA3531694,18090_7#87
SAMEA3531700,18090_7#90
SAMEA3531702,18090_6#53
SAMEA3531705,18090_7#92
SAMEA3531706,18090_7#23
SAMEA3531708,18090_7#94
SAMEA3531704,18090_7#22
SAMEA3531715,18090_7#26
SAMEA3531722,18090_8#7
SAMEA3531721,18090_7#28
SAMEA3531724,18090_8#8
SAMEA3531734,18090_8#13
SAMEA3531732,18090_8#12
SAMEA3531741,18090_7#39
SAMEA3531743,18090_7#40
SAMEA3531744,18090_7#41
SAMEA3531749,18090_7#46
SAMEA3531757,18090_6#50
SAMEA3531764,18090_7#54
SAMEA3531763,18090_7#53
SAMEA3531762,18090_6#52
SAMEA3531768,18090_7#58
SAMEA3531769,18090_7#59
SAMEA3531783,18090_6#56
SAMEA3531805,18090_8#21
SAMEA3531821,18090_8#22
SAMEA3531830,18090_6#59
SAMEA3531833,18090_8#24
SAMEA3531835,18090_8#25
SAMEA3531843,18090_8#26
SAMEA3531856,18090_8#30
SAMEA3531855,18090_6#61
SAMEA3531851,18090_8#28
SAMEA3531869,18090_6#63
SAMEA3531871,18090_8#33
SAMEA2204229,11658_4#1
SAMEA2204235,11658_5#3
SAMEA2204248,11658_7#1
SAMEA2204249,11658_8#24
SAMEA2204250,11791_7#3
SAMEA2204255,11658_4#5
SAMEA2204262,11658_5#10
SAMEA2204266,11658_7#4
SAMEA2204265,11658_7#3
SAMEA2204273,11658_6#8
SAMEA2204292,11791_7#12
SAMEA2204315,11658_4#7
SAMEA2204313,11658_7#11
SAMEA2204321,11658_4#8
SAMEA2204320,11658_5#19
SAMEA2204324,11658_4#9
SAMEA2204332,11658_8#33
SAMEA2204333,11658_8#34
SAMEA2204343,11791_6#5
SAMEA2204340,11658_5#27
SAMEA2204342,11658_7#15
SAMEA2204353,11658_5#30
SAMEA2204350,11658_4#13
SAMEA2204346,11658_6#22
SAMEA2204358,11658_7#17
SAMEA2204355,11658_8#35
SAMEA2204363,11657_6#6
SAMEA2204371,11791_7#19
SAMEA2204375,11658_6#25
SAMEA2204400,11658_7#23
SAMEA2204402,11658_8#40
SAMEA2204459,11657_7#11
SAMEA2204532,11658_5#46
SAMEA2204533,11658_5#47
SAMEA2204559,11658_8#52
SAMEA2204591,11658_6#54
SAMEA2204599,11658_7#36
SAMEA2204604,11679_7#10
SAMEA2204605,11679_5#8
SAMEA2204615,11657_7#21
SAMEA2204610,11679_4#15
SAMEA2204619,11658_3#14
SAMEA2204626,11679_8#10
SAMEA2204655,11658_3#20
SAMEA2204658,11657_6#27
SAMEA2204709,11658_5#60
SAMEA2204730,11658_7#46
SAMEA2204733,11657_5#31
SAMEA2204737,11679_8#16
SAMEA2204738,11658_4#35
SAMEA2204739,11657_5#33
SAMEA2204747,11657_5#35
SAMEA2204751,11791_6#14
SAMEA2204753,11679_8#17
SAMEA2204767,11679_6#22
SAMEA2204766,11657_5#37
SAMEA2204770,11791_3#11
SAMEA2204786,11679_5#18
SAMEA2204784,11657_6#33
SAMEA2204789,11679_8#21
SAMEA2204785,11679_8#20
SAMEA2204793,11658_3#25
SAMEA2204794,11679_7#21
SAMEA2204799,11679_5#19
SAMEA2204810,11791_3#16
SAMEA2204805,11679_5#21
SAMEA2204816,11679_8#25
SAMEA2204821,11679_8#26
SAMEA2204825,11791_3#18
SAMEA2204826,11679_8#28
SAMEA2204837,11679_6#29
SAMEA2204854,11658_3#31
SAMEA2204853,11791_3#28
SAMEA2204860,11679_5#26
SAMEA2204859,11657_6#38
SAMEA2204861,11791_3#30
SAMEA2204868,11679_8#33
SAMEA2204862,11679_5#27
SAMEA2204863,11679_6#34
SAMEA2204870,11657_5#41
SAMEA2204875,11791_3#32
SAMEA2204877,11679_8#34
SAMEA2204880,11679_8#35
SAMEA2204886,11658_4#42
SAMEA2204884,11679_8#37
SAMEA2204892,11658_5#67
SAMEA2204896,11658_4#43
SAMEA2204911,11658_4#45
SAMEA2204956,11658_8#67
SAMEA2204957,11658_8#68
SAMEA2204961,11658_5#76
SAMEA2204968,11658_6#72
SAMEA2204962,11658_6#71
SAMEA2204976,11658_8#70
SAMEA2205017,11658_8#84
SAMEA2205010,11658_3#32
SAMEA2205011,11658_3#33
SAMEA2205021,11658_8#86
SAMEA2205019,11658_8#85
SAMEA2205025,11658_8#87
SAMEA2205032,11658_5#85
SAMEA2205044,11679_4#31
SAMEA2205043,11791_7#61
SAMEA2205055,11658_5#87
SAMEA2205053,11791_7#62
SAMEA2205054,11658_3#34
SAMEA2205049,11658_6#86
SAMEA2205057,11657_5#48
SAMEA2205058,11658_6#88
SAMEA2205064,11658_4#57
SAMEA2205087,11657_7#46
SAMEA2205090,11679_4#35
SAMEA2205091,11679_7#30
SAMEA2205093,11679_7#32
SAMEA2205105,11658_3#37
SAMEA2205102,11679_5#35
SAMEA2205113,11657_5#51
SAMEA2205125,11658_3#39
SAMEA2205129,11657_7#50
SAMEA2205126,11679_7#35
SAMEA2205145,11657_7#51
SAMEA2205147,11679_5#36
SAMEA2205148,11679_8#53
SAMEA2205153,11658_7#68
SAMEA2205158,11679_4#44
SAMEA2205166,11679_8#57
SAMEA2205173,11679_4#46
SAMEA2205176,11679_4#47
SAMEA2205177,11658_3#41
SAMEA2205175,11791_3#50
SAMEA2205182,11658_3#42
SAMEA2205196,11657_6#55
SAMEA2205197,11657_7#54
SAMEA2205201,11679_5#42
SAMEA2205198,11679_7#39
SAMEA2205203,11657_7#55
SAMEA2205205,11679_4#50
SAMEA2205206,11679_7#40
SAMEA2205211,11679_8#61
SAMEA2205216,11657_5#60
SAMEA2205226,11657_7#57
SAMEA2205229,11679_4#52
SAMEA2205230,11658_4#64
SAMEA2205232,11679_7#42
SAMEA2205238,11657_7#59
SAMEA2205235,11679_7#43
SAMEA2205241,11679_6#53
SAMEA2205243,11679_4#53
SAMEA2205244,11657_7#60
SAMEA2205250,11679_6#55
SAMEA2205258,11679_6#56
SAMEA2205256,11679_4#55
SAMEA2205262,11679_5#48
SAMEA2205273,11658_3#49
SAMEA2205275,11657_7#61
SAMEA2205276,11658_3#50
SAMEA2205283,11657_6#62
SAMEA2205288,11679_5#50
SAMEA2205289,11791_3#62
SAMEA2205292,11679_7#47
SAMEA2205297,11679_4#57
SAMEA2205299,11679_6#60
SAMEA2205323,11679_5#56
SAMEA2205322,11679_6#61
SAMEA2205338,11657_6#67
SAMEA2205343,11658_7#72
SAMEA2205341,11679_7#54
SAMEA2205349,11679_4#63
SAMEA2205367,11791_7#63
SAMEA2205369,11791_6#27
SAMEA2205371,11658_3#61
SAMEA2205389,11679_5#61
SAMEA2205409,11658_4#74
SAMEA2205412,11679_4#68
SAMEA2205421,11657_7#80
SAMEA2205424,11679_7#64
SAMEA2205422,11658_4#75
SAMEA2205426,11658_4#76
SAMEA2205432,11679_5#65
SAMEA2205442,11658_4#78
SAMEA2205448,11679_7#67
SAMEA2205445,11658_7#75
SAMEA2205464,11657_7#83
SAMEA2205465,11658_3#70
SAMEA2205481,11658_7#78
SAMEA2205487,11679_5#69
SAMEA2205486,11658_7#79
SAMEA2205516,11658_7#83
SAMEA2205511,11679_6#74
SAMEA2205532,11679_8#75
SAMEA2205533,11658_3#76
SAMEA2205549,11658_3#77
SAMEA2205550,11657_6#82
SAMEA2205572,11658_3#81
SAMEA2205596,11679_7#80
SAMEA2205592,11657_6#85
SAMEA2205600,11658_4#92
SAMEA2205605,11657_5#93
SAMEA2205607,11658_5#96
SAMEA2205615,11679_4#84
SAMEA2205621,11657_6#88
SAMEA2205623,11679_7#82
SAMEA2205622,11791_3#67
SAMEA2205626,11658_3#86
SAMEA2205644,11679_5#83
SAMEA2205657,11679_8#85
SAMEA2205658,11679_8#86
SAMEA2205664,11679_4#88
SAMEA2205665,11679_8#87
SAMEA2205672,11791_3#83
SAMEA2205674,11679_7#84
SAMEA2205684,11679_7#87
SAMEA2205702,11658_3#91
SAMEA2205704,11679_6#92
SAMEA3531655,18090_6#35
SAMEA3531656,18090_7#5
SAMEA3531677,18090_7#79
SAMEA3531695,18090_6#42
SAMEA3531699,18090_7#20
SAMEA3531696,18090_7#88
SAMEA3531701,18090_7#21
SAMEA3531716,18090_8#4
SAMEA3531729,18090_7#32
SAMEA3531742,18090_6#45
SAMEA3531747,18090_7#44
SAMEA3531753,18090_7#48
SAMEA3531755,18090_6#48
SAMEA3531781,18090_8#18
SAMEA3531818,18090_6#58
SAMEA3531888,18090_8#84
SAMEA2204233,11658_5#2
SAMEA2204234,11658_6#1
SAMEA2204230,11657_5#1
SAMEA2204251,11658_5#6
SAMEA2204257,11791_7#5
SAMEA2204283,11658_6#12
SAMEA2204298,11658_8#28
SAMEA2204294,11658_6#13
SAMEA2204299,11658_8#29
SAMEA2204308,11658_7#10
SAMEA2204310,11791_7#15
SAMEA2204330,11658_5#23
SAMEA2204329,11658_5#22
SAMEA2204327,11658_5#20
SAMEA2204349,11658_4#12
SAMEA2204347,11658_4#11
SAMEA2204348,11658_5#29
SAMEA2204354,11658_7#16
SAMEA2204356,11658_5#31
SAMEA2204359,11791_7#18
SAMEA2204388,11791_7#20
SAMEA2204383,11658_5#37
SAMEA2204391,11658_4#18
SAMEA2204398,11658_7#22
SAMEA2204406,11658_6#32
SAMEA2204408,11658_8#41
SAMEA2204423,11658_3#3
SAMEA2204430,11657_5#13
SAMEA2204438,11658_3#5
SAMEA2204445,11657_6#12
SAMEA2204456,11657_5#14
SAMEA2204457,11657_7#10
SAMEA2204460,11657_7#12
SAMEA2204516,11658_4#20
SAMEA2204523,11658_6#38
SAMEA2204540,11658_6#41
SAMEA2204539,11658_6#40
SAMEA2204537,11658_8#48
SAMEA2204545,11658_8#51
SAMEA2204547,11658_6#43
SAMEA2204550,11658_6#44
SAMEA2204553,11791_7#28
SAMEA2204560,11658_6#47
SAMEA2204555,11791_7#30
SAMEA2204567,11658_4#21
SAMEA2204572,11658_5#52
SAMEA2204577,11658_8#55
SAMEA2204580,11679_5#6
SAMEA2204575,11658_8#54
SAMEA2204587,11658_6#53
SAMEA2204609,11657_7#20
SAMEA2204611,11679_6#15
SAMEA2204616,11791_3#3
SAMEA2204623,11679_7#12
SAMEA2204622,11657_7#23
SAMEA2204633,11657_7#24
SAMEA2204659,11679_7#15
SAMEA2204669,11679_7#17
SAMEA2204671,11679_4#19
SAMEA2204667,11679_6#20
SAMEA2204672,11679_6#21
SAMEA2204673,11657_5#25
SAMEA2204674,11657_6#30
SAMEA2204678,11679_4#20
SAMEA2204676,11657_5#26
SAMEA2204689,11657_5#27
SAMEA2204692,11658_7#40
SAMEA2204693,11658_4#28
SAMEA2204687,11679_5#16
SAMEA2204701,11658_5#58
SAMEA2204700,11658_7#42
SAMEA2204702,11658_4#29
SAMEA2204708,11658_6#58
SAMEA2204716,11658_6#59
SAMEA2204715,11658_4#30
SAMEA2204719,11658_4#32
SAMEA2204722,11791_7#40
SAMEA2204731,11658_6#61
SAMEA2204736,11657_5#32
SAMEA2204750,11791_6#13
SAMEA2204748,11658_5#63
SAMEA2204759,11679_5#17
SAMEA2204768,11657_7#34
SAMEA2204777,11658_4#39
SAMEA2204775,11679_4#24
SAMEA2204790,11657_6#35
SAMEA2204807,11658_4#40
SAMEA2204806,11658_3#28
SAMEA2204822,11658_3#29
SAMEA2204829,11658_3#30
SAMEA2204827,11791_3#19
SAMEA2204835,11791_3#23
SAMEA2204838,11679_8#30
SAMEA2204842,11791_3#24
SAMEA2204851,11679_4#27
SAMEA2204856,11679_5#25
SAMEA2204852,11679_8#32
SAMEA2204869,11657_5#40
SAMEA2204872,11658_4#41
SAMEA2204885,11658_8#60
SAMEA2204888,11658_6#64
SAMEA2204887,11658_7#52
SAMEA2204902,11791_7#47
SAMEA2204904,11791_3#33
SAMEA2204910,11791_3#35
SAMEA2204912,11658_7#55
SAMEA2204922,11791_7#50
SAMEA2204919,11658_8#63
SAMEA2204920,11658_4#46
SAMEA2204925,11679_8#42
SAMEA2204931,11658_6#66
SAMEA2204939,11791_7#52
SAMEA2204947,11679_5#29
SAMEA2204955,11658_8#66
SAMEA2204958,11658_7#60
SAMEA2204965,11679_6#38
SAMEA2204966,11658_5#77
SAMEA2204971,11791_7#55
SAMEA2204974,11658_7#62
SAMEA2204984,11658_8#74
SAMEA2204985,11658_8#75
SAMEA2204999,11658_4#48
SAMEA2205001,11657_7#42
SAMEA2205006,11679_7#28
SAMEA2205015,11657_7#44
SAMEA2205018,11658_6#79
SAMEA2205023,11658_6#81
SAMEA2205035,11658_5#86
SAMEA2205034,11658_4#52
SAMEA2205221,11679_6#51
SAMEA2205237,11657_6#57
SAMEA2205251,11657_5#62
SAMEA2205257,11657_5#63
SAMEA2205259,11658_3#47
SAMEA2205263,11679_8#67
SAMEA2205268,11657_5#66
SAMEA2205266,11791_3#61
SAMEA2205277,11657_7#62
SAMEA2205274,11657_5#68
SAMEA2205278,11679_7#46
SAMEA2205284,11679_6#59
SAMEA2205294,11657_6#63
SAMEA2205301,11657_7#65
SAMEA2205303,11658_4#67
SAMEA2205306,11791_6#25
SAMEA2205315,11679_7#52
SAMEA2205321,11658_3#56
SAMEA2205320,11658_3#55
SAMEA2205330,11658_3#57
SAMEA2205360,11657_5#72
SAMEA2205379,11657_6#69
SAMEA2205382,11679_4#67
SAMEA2205383,11658_3#64
SAMEA2205391,11791_7#64
SAMEA2205390,11679_5#62
SAMEA2205393,11658_6#91
SAMEA2205396,11657_7#74
SAMEA2205399,11658_7#73
SAMEA2205401,11658_8#93
SAMEA2205402,11679_8#70
SAMEA2205408,11679_6#70
SAMEA2205413,11679_4#69
SAMEA2205425,11658_6#93
SAMEA2205430,11657_5#76
SAMEA2205443,11679_6#72
SAMEA2205436,11657_7#81
SAMEA2205441,11679_6#71
SAMEA2205447,11658_3#68
SAMEA2205450,11658_4#80
SAMEA2205453,11658_7#76
SAMEA2205459,11679_5#67
SAMEA2205466,11679_8#73
SAMEA2205469,11657_6#74
SAMEA2205474,11679_4#73
SAMEA2205483,11658_3#72
SAMEA2205489,11657_6#76
SAMEA2205496,11658_3#73
SAMEA2205502,11658_7#81
SAMEA2205509,11658_8#95
SAMEA2205524,11791_7#67
SAMEA2205527,11679_5#73
SAMEA2205530,11679_4#78
SAMEA2205534,11679_6#75
SAMEA2205538,11658_6#95
SAMEA2205558,11657_6#84
SAMEA2205556,11679_7#77
SAMEA2205561,11658_7#84
SAMEA2205569,11658_7#85
SAMEA2205573,11791_6#36
SAMEA2205565,11658_3#80
SAMEA2205578,11679_8#80
SAMEA2205574,11679_8#78
SAMEA2205581,11658_7#87
SAMEA2205585,11657_5#92
SAMEA2205589,11679_7#79
SAMEA2205587,11658_7#89
SAMEA2205593,11658_7#90
SAMEA2205599,11679_4#81
SAMEA2205601,11679_6#81
SAMEA2205604,11658_7#93
SAMEA2205609,11679_7#81
SAMEA2205613,11658_3#85
SAMEA2205617,11658_7#96
SAMEA2205628,11679_5#80
SAMEA2205633,11791_3#72
SAMEA2205639,11657_7#89
SAMEA2205642,11679_8#81
SAMEA2205648,11679_8#82
SAMEA2205651,11791_3#77
SAMEA2205655,11657_5#94
SAMEA2205662,11791_3#79
SAMEA2205670,11679_8#88
SAMEA2205667,11791_3#81
SAMEA2205671,11791_3#82
SAMEA2205680,11657_7#90
SAMEA2205689,11679_6#90
SAMEA2205686,11658_4#95
SAMEA2205691,11679_6#91
SAMEA2205693,11679_4#91
SAMEA2205699,11657_6#93
SAMEA2205701,11658_3#90
SAMEA3531628,18090_6#84
SAMEA3531632,18090_6#87
SAMEA3531635,18090_6#90
SAMEA3531644,18090_7#1
SAMEA3531648,18090_7#2
SAMEA3531649,18090_7#65
SAMEA3531653,18090_7#67
SAMEA3531654,18090_7#68
SAMEA3531663,18090_6#37
SAMEA3531672,18090_7#9
SAMEA3531680,18090_7#13
SAMEA3531686,18090_7#15
SAMEA3531692,18090_7#17
SAMEA3531697,18090_7#19
SAMEA3531707,18090_7#93
SAMEA3531709,18090_7#24
SAMEA3531711,18090_7#25
SAMEA3531717,18090_6#44
SAMEA3531730,18090_8#11
SAMEA3531733,18090_7#34
SAMEA3531739,18090_7#37
SAMEA3531740,18090_7#38
SAMEA3531761,18090_7#52
SAMEA3531760,18090_6#51
SAMEA3531765,18090_7#55
SAMEA3531775,18090_8#16
SAMEA3531793,18090_8#19
SAMEA3531797,18090_8#20
SAMEA3531824,18090_8#23
SAMEA3531847,18090_6#60
SAMEA3531642,18090_6#95
SAMEA2205067,11791_3#38
